id,price
1,53743
2,51384
3,23484
4,2228
5,5102
6,6578
7,4680
8,15065
9,2767
10,11664
11,6702
12,4416
13,4491
14,51817
15,39499
16,53499
17,54608
18,6450
19,73388
20,4086
21,6593
22,60978
23,45257
24,5823
25,5102
26,4589
27,6032
28,5823
29,4390
30,6568
31,15709
32,64831
33,60260
34,51372
35,14207
36,5941
37,4909
38,42521
39,5042
40,2465
41,9349
42,80861
43,5206
44,3194
45,12894
46,7484
47,5888
48,12138
49,54684
50,5549
51,5441
52,3397
53,6883
54,3709
55,7123
56,2074
57,3860
58,56702
59,3153
60,60978
61,8696
62,57939
63,6489
64,9879
65,55983
66,60260
67,45257
68,5939
69,45230
70,45257
71,5808
72,6133
73,8685
74,7487
75,16140
76,6502
77,6276
78,3000
79,62045
80,18667
81,4977
82,5949
83,6195
84,4755
85,34472
86,71304
87,4607
88,15183
89,60396
90,4272
91,4294
92,61873
93,58125
94,92633
95,54777
96,2723
97,5761
98,10556
99,3961
100,72125
101,6277
102,7958
103,5657
104,3279
105,12873
106,11352
107,44787
108,55087
109,53152
110,2410
111,51372
112,58032
113,7774
114,1966
115,1830
116,2857
117,6296
118,3127
119,6015
120,17133
121,56702
122,7577
123,6339
124,45693
125,5276
126,3940
127,6855
128,7958
129,65529
130,3090
131,6747
132,52287
133,5441
134,5943
135,4302
136,42457
137,4827
138,7426
139,3999
140,4755
141,3393
142,51595
143,5954
144,1714
145,54608
146,2840
147,6314
148,19500
149,8093
150,5384
151,7877
152,63725
153,8100
154,8111
155,67809
156,6324
157,9768
158,5209
159,6122
160,6111
161,55087
162,6568
163,67769
164,10846
165,58315
166,32859
167,60508
168,4453
169,10219
170,49207
171,1776
172,6488
173,48851
174,54896
175,3291
176,69997
177,5027
178,4056
179,5708
180,49725
181,27864
182,7488
183,13083
184,5385
185,24056
186,10712
187,7774
188,53164
189,11664
190,5857
191,59021
192,3090
193,56588
194,7411
195,3649
196,5667
197,2637
198,14854
199,23228
200,60232
201,69244
202,14154
203,5014
204,7489
205,58125
206,60978
207,4205
208,45257
209,53198
210,9643
211,57992
212,41281
213,3999
214,4672
215,7054
216,49725
217,4556
218,27976
219,7530
220,3393
221,4000
222,3685
223,22152
224,51875
225,42746
226,11508
227,6776
228,10061
229,3916
230,60555
231,4230
232,7005
233,14141
234,9419
235,3471
236,2339
237,2723
238,3862
239,2300
240,13325
241,55377
242,51345
243,4221
244,59254
245,7584
246,49613
247,53757
248,5939
249,4827
250,60978
251,12045
252,6133
253,45995
254,12033
255,3999
256,73369
257,4958
258,1788
259,3962
260,55087
261,3393
262,5282
263,54684
264,3819
265,8112
266,1544
267,37846
268,49725
269,45776
270,10712
271,6568
272,8043
273,42521
274,31982
275,2050
276,7950
277,30808
278,7425
279,32923
280,5934
281,37985
282,4969
283,5772
284,5910
285,49725
286,6432
287,56702
288,6489
289,61873
290,1776
291,3344
292,6461
293,8972
294,7978
295,4190
296,3621
297,41314
298,14524
299,11739
300,6349
301,68415
302,3100
303,7353
304,13095
305,52063
306,6593
307,52063
308,4909
309,49613
310,15059
311,4914
312,53499
313,3072
314,2410
315,4020
316,32859
317,3543
318,4637
319,7813
320,4674
321,4272
322,60978
323,5042
324,2994
325,5960
326,9242
327,6075
328,6128
329,4755
330,3346
331,13818
332,6195
333,67710
334,5120
335,5330
336,11129
337,4272
338,22140
339,13759
340,60396
341,45805
342,51457
343,1548
344,5888
345,11318
346,77355
347,3090
348,3393
349,5949
350,9420
351,3959
352,5949
353,4933
354,5465
355,4230
356,106753
357,50957
358,4827
359,4499
360,51697
361,58125
362,5954
363,51875
364,2476
365,54608
366,27792
367,3334
368,3862
369,5943
370,5943
371,12150
372,4028
373,6159
374,6634
375,12524
376,49613
377,5289
378,60978
379,4496
380,2124
381,61933
382,8068
383,4555
384,4249
385,7572
386,64173
387,52287
388,7362
389,50271
390,60365
391,58125
392,92998
393,4555
394,55377
395,68303
396,54684
397,55374
398,4122
399,4453
400,2482
401,7338
402,6292
403,8093
404,54777
405,41101
406,3491
407,6620
408,64831
409,5955
410,3334
411,14378
412,53743
413,6966
414,4755
415,4452
416,2410
417,29096
418,5390
419,56588
420,11129
421,4893
422,4039
423,4210
424,57057
425,17082
426,5928
427,3845
428,12054
429,2150
430,7763
431,49177
432,6578
433,7434
434,56702
435,2201
436,5293
437,12716
438,11129
439,5936
440,66779
441,7877
442,78400
443,4048
444,4079
445,4294
446,49725
447,45189
448,10002
449,2874
450,40593
451,49613
452,32230
453,3685
454,3542
455,4927
456,2050
457,49553
458,39321
459,9879
460,7212
461,4028
462,5949
463,4500
464,12118
465,1549
466,2150
467,5724
468,4228
469,5504
470,6488
471,7813
472,7774
473,6542
474,5955
475,4453
476,10806
477,7196
478,4294
479,12684
480,23898
481,5145
482,5178
483,2723
484,3090
485,11129
486,6200
487,64831
488,4755
489,52063
490,7317
491,50271
492,3542
493,55983
494,45995
495,6068
496,32646
497,5697
498,4496
499,69168
500,60396
501,4500
502,4111
503,49613
504,44144
505,43865
506,7959
507,5291
508,32859
509,3001
510,54896
511,3330
512,6080
513,36700
514,5750
515,45672
516,69244
517,3012
518,50868
519,3831
520,6207
521,54896
522,54608
523,4048
524,4672
525,4660
526,6711
527,6067
528,2836
529,6159
530,19153
531,49613
532,3999
533,69311
534,9000
535,9201
536,54115
537,56476
538,5530
539,4896
540,3381
541,9510
542,3100
543,9840
544,54684
545,85820
546,51875
547,3862
548,5496
549,52175
550,4041
551,54841
552,6427
553,5209
554,5852
555,4362
556,8548
557,68303
558,53743
559,6082
560,42521
561,42746
562,3175
563,6759
564,2835
565,5269
566,49553
567,11919
568,6131
569,7425
570,6633
571,4541
572,14889
573,15362
574,2994
575,47586
576,3291
577,53152
578,3324
579,49725
580,66063
581,42777
582,3072
583,2339
584,2201
585,6568
586,57017
587,13419
588,74956
589,4501
590,4687
591,7487
592,62524
593,66063
594,5276
595,7352
596,80566
597,4527
598,2780
599,11675
600,35520
601,5441
602,5696
603,6354
604,5731
605,53164
606,6488
607,49553
608,36700
609,3860
610,6645
611,53645
612,4914
613,66928
614,6553
615,6067
616,7135
617,4205
618,14364
619,62617
620,48851
621,55983
622,6179
623,6067
624,8463
625,3862
626,4896
627,45185
628,56476
629,5622
630,57017
631,4262
632,80566
633,5355
634,3990
635,3625
636,3918
637,3754
638,60396
639,2228
640,49207
641,39499
642,10846
643,3797
644,4677
645,4000
646,50297
647,67004
648,2723
649,11069
650,7489
651,49896
652,5507
653,61873
654,60365
655,6395
656,7145
657,2074
658,11319
659,53209
660,5881
661,7539
662,4556
663,1755
664,10784
665,5502
666,4111
667,6570
668,4041
669,3543
670,3916
671,50271
672,5842
673,6308
674,27976
675,57920
676,63163
677,32859
678,5178
679,14880
680,7123
681,5293
682,6012
683,7425
684,10794
685,5960
686,6502
687,14355
688,4453
689,4709
690,10901
691,3359
692,57405
693,7352
694,8064
695,7212
696,6502
697,6450
698,3424
699,11854
700,4357
701,67645
702,2300
703,7474
704,8210
705,51384
706,4056
707,51595
708,3302
709,3090
710,45776
711,11021
712,56588
713,36712
714,4607
715,57992
716,3862
717,10478
718,10680
719,23838
720,5910
721,58315
722,52175
723,54608
724,10456
725,37929
726,55983
727,3571
728,3971
729,22729
730,73948
731,27864
732,10903
733,4792
734,3393
735,56943
736,8548
737,3302
738,3253
739,60978
740,42457
741,58315
742,56931
743,4165
744,59929
745,17043
746,4302
747,52175
748,7982
749,55983
750,65872
751,4413
752,7594
753,5232
754,2835
755,6287
756,56588
757,45883
758,5292
759,51457
760,6932
761,5052
762,4168
763,8111
764,16099
765,54896
766,4357
767,90644
768,9168
769,4827
770,6510
771,5955
772,52175
773,61873
774,6437
775,3543
776,57939
777,56588
778,4112
779,4205
780,2456
781,5220
782,43729
783,5954
784,23484
785,7437
786,9861
787,11415
788,4439
789,73369
790,11383
791,37658
792,31450
793,2723
794,31982
795,23944
796,62591
797,5700
798,6841
799,7352
800,1714
801,15655
802,9068
803,3223
804,53152
805,5888
806,24234
807,84557
808,12897
809,45883
810,6488
811,40593
812,5960
813,4896
814,60260
815,13818
816,8719
817,8579
818,6038
819,4099
820,59917
821,51707
822,5414
823,24122
824,48795
825,50271
826,5282
827,70095
828,3182
829,56590
830,2719
831,11488
832,3551
833,63277
834,64173
835,11385
836,3788
837,41101
838,12348
839,8805
840,11129
841,60365
842,50361
843,1998
844,23944
845,6319
846,66928
847,43376
848,7992
849,4917
850,14364
851,4020
852,7496
853,6082
854,60260
855,11664
856,4414
857,54684
858,4683
859,6133
860,8111
861,4908
862,3220
863,46097
864,19113
865,2336
866,8224
867,56702
868,2124
869,3862
870,57565
871,4079
872,25683
873,45257
874,11237
875,61392
876,6307
877,3379
878,44280
879,3788
880,67809
881,3971
882,4338
883,9771
884,3677
885,6568
886,4357
887,3988
888,53164
889,39499
890,2100
891,5042
892,2201
893,3572
894,48213
895,10090
896,62874
897,4337
898,44280
899,6776
900,3867
901,65832
902,41113
903,10377
904,4556
905,8081
906,6182
907,60978
908,60978
909,8593
910,6314
911,4368
912,6753
913,64831
914,3999
915,5656
916,54777
917,4274
918,36712
919,3393
920,11069
921,68303
922,15709
923,55377
924,4672
925,54608
926,4348
927,62729
928,6456
929,27976
930,11618
931,11617
932,3951
933,49177
934,4453
935,6661
936,4079
937,6122
938,45693
939,11139
940,5574
941,5840
942,67004
943,7054
944,3603
945,2339
946,14681
947,57992
948,4069
949,62045
950,45805
951,44405
952,57081
953,5101
954,12150
955,4272
956,49207
957,6578
958,6488
959,3191
960,64831
961,52287
962,5102
963,11508
964,6776
965,6363
966,6502
967,64173
968,10952
969,4545
970,3393
971,7232
972,57453
973,4250
974,52522
975,59254
976,57081
977,4357
978,64387
979,6578
980,7317
981,10018
982,60396
983,6093
984,6448
985,5805
986,12193
987,11415
988,4555
989,3015
990,6512
991,68415
992,63277
993,7284
994,54608
995,14723
996,2737
997,5293
998,6238
999,5761
1000,4111
1001,3646
1002,11488
1003,60508
1004,4416
1005,12722
1006,9147
1007,3393
1008,3720
1009,20373
1010,2477
1011,29764
1012,43910
1013,3834
1014,54777
1015,70095
1016,47545
1017,42457
1018,11675
1019,5780
1020,3096
1021,5292
1022,4230
1023,3275
1024,45805
1025,7424
1026,58125
1027,4205
1028,49177
1029,8867
1030,54684
1031,7212
1032,3090
1033,35554
1034,7489
1035,5441
1036,26296
1037,5649
1038,45189
1039,5027
1040,3000
1041,58111
1042,32923
1043,9493
1044,6296
1045,5159
1046,62591
1047,53152
1048,4499
1049,4658
1050,2098
1051,3389
1052,5231
1053,6578
1054,41314
1055,2201
1056,6450
1057,7919
1058,11803
1059,7424
1060,3191
1061,69065
1062,49207
1063,4099
1064,7958
1065,9879
1066,5342
1067,23595
1068,20000
1069,45693
1070,2343
1071,4387
1072,54898
1073,57920
1074,16212
1075,12524
1076,6630
1077,4524
1078,4020
1079,12138
1080,3269
1081,41281
1082,3831
1083,2719
1084,8842
1085,6284
1086,5601
1087,8696
1088,6711
1089,25623
1090,7309
1091,6444
1092,9000
1093,4133
1094,4359
1095,5103
1096,39321
1097,80566
1098,4357
1099,4491
1100,47844
1101,4390
1102,14014
1103,4079
1104,62524
1105,2823
1106,7950
1107,4971
1108,6489
1109,57992
1110,2339
1111,11625
1112,54684
1113,6262
1114,60508
1115,12768
1116,4205
1117,60508
1118,44144
1119,7162
1120,3381
1121,4111
1122,1830
1123,5289
1124,4496
1125,54115
1126,6568
1127,5535
1128,48289
1129,5255
1130,4028
1131,10483
1132,7927
1133,41314
1134,5892
1135,4390
1136,4827
1137,9092
1138,27864
1139,5467
1140,2835
1141,5100
1142,7271
1143,2336
1144,6568
1145,44144
1146,59929
1147,5102
1148,41101
1149,5960
1150,2901
1151,4378
1152,14492
1153,4173
1154,5942
1155,12118
1156,5960
1157,4367
1158,45257
1159,4202
1160,2339
1161,6033
1162,5330
1163,5888
1164,77737
1165,5605
1166,45883
1167,6966
1168,5720
1169,12524
1170,3681
1171,6461
1172,54608
1173,2339
1174,5660
1175,2723
1176,4387
1177,2124
1178,4593
1179,13863
1180,4499
1181,3489
1182,5102
1183,37432
1184,55377
1185,23595
1186,6133
1187,53937
1188,2723
1189,6024
1190,15123
1191,72125
1192,53499
1193,18305
1194,4414
1195,1998
1196,10680
1197,51457
1198,14154
1199,5037
1200,5943
1201,11928
1202,22152
1203,5761
1204,47586
1205,6634
1206,16149
1207,4603
1208,5569
1209,8478
1210,4559
1211,68303
1212,55377
1213,4079
1214,4294
1215,5930
1216,17911
1217,3393
1218,2723
1219,54684
1220,37526
1221,51817
1222,3862
1223,3512
1224,39499
1225,51817
1226,4779
1227,3623
1228,4501
1229,9348
1230,57939
1231,4501
1232,5500
1233,5761
1234,6172
1235,60365
1236,4453
1237,60508
1238,4020
1239,8555
1240,11205
1241,51707
1242,5606
1243,57992
1244,5390
1245,5760
1246,5943
1247,4755
1248,4896
1249,9294
1250,6450
1251,4896
1252,56702
1253,60978
1254,2738
1255,3012
1256,54608
1257,5685
1258,6010
1259,4979
1260,11675
1261,3571
1262,9506
1263,12684
1264,39377
1265,3961
1266,34472
1267,4094
1268,4451
1269,10969
1270,68743
1271,7190
1272,5500
1273,18620
1274,9904
1275,12045
1276,4272
1277,101780
1278,7584
1279,11675
1280,61049
1281,23944
1282,57393
1283,4453
1284,5102
1285,5027
1286,42521
1287,5632
1288,80511
1289,5042
1290,10523
1291,6786
1292,49613
1293,17199
1294,11415
1295,4386
1296,52586
1297,5543
1298,10962
1299,11928
1300,7081
1301,6612
1302,59033
1303,2336
1304,3072
1305,4892
1306,4501
1307,4554
1308,7646
1309,53937
1310,60260
1311,6192
1312,13524
1313,53824
1314,37985
1315,10018
1316,14150
1317,7237
1318,5178
1319,1694
1320,17118
1321,5910
1322,7877
1323,2124
1324,6395
1325,47507
1326,3090
1327,5949
1328,67601
1329,3710
1330,7473
1331,3916
1332,10248
1333,2730
1334,7572
1335,9879
1336,7196
1337,33979
1338,7488
1339,5942
1340,7412
1341,9419
1342,2339
1343,2410
1344,3994
1345,2098
1346,66928
1347,5535
1348,48795
1349,6248
1350,6324
1351,11508
1352,10058
1353,11129
1354,6832
1355,10135
1356,39682
1357,27864
1358,9828
1359,11335
1360,14620
1361,4447
1362,42521
1363,8112
1364,7393
1365,44280
1366,74970
1367,11429
1368,6427
1369,51817
1370,60260
1371,4417
1372,26472
1373,6578
1374,45672
1375,4054
1376,12468
1377,4387
1378,4056
1379,4417
1380,54684
1381,4687
1382,66928
1383,51595
1384,41281
1385,5818
1386,4570
1387,3385
1388,4359
1389,57992
1390,5454
1391,41314
1392,2105
1393,63579
1394,51697
1395,2410
1396,4896
1397,6450
1398,54608
1399,36712
1400,72125
1401,13524
1402,97681
1403,6195
1404,2410
1405,32923
1406,9278
1407,84557
1408,11854
1409,3977
1410,45693
1411,5542
1412,6489
1413,62045
1414,12308
1415,52715
1416,5656
1417,5949
1418,2150
1419,5141
1420,8277
1421,66290
1422,3685
1423,38099
1424,5949
1425,49725
1426,4500
1427,8186
1428,44144
1429,1830
1430,4338
1431,31528
1432,64139
1433,3014
1434,1755
1435,3014
1436,54684
1437,7584
1438,28510
1439,60396
1440,47217
1441,10672
1442,78495
1443,51707
1444,7269
1445,51817
1446,51697
1447,7425
1448,42457
1449,2960
1450,93200
1451,4170
1452,53152
1453,5617
1454,5102
1455,4500
1456,55982
1457,60260
1458,8877
1459,3860
1460,4729
1461,15340
1462,6093
1463,48795
1464,3020
1465,4729
1466,1755
1467,52522
1468,44280
1469,51875
1470,2785
1471,12918
1472,21285
1473,3496
1474,54777
1475,5953
1476,14501
1477,31528
1478,3798
1479,9419
1480,12150
1481,42521
1482,41281
1483,4020
1484,4054
1485,6578
1486,10744
1487,7572
1488,39847
1489,8092
1490,11354
1491,10826
1492,45693
1493,45995
1494,9201
1495,45805
1496,58315
1497,3918
1498,7487
1499,5625
1500,6133
1501,5915
1502,4793
1503,2109
1504,26103
1505,5014
1506,51817
1507,3393
1508,49207
1509,41281
1510,60978
1511,6568
1512,43729
1513,49177
1514,6082
1515,55982
1516,38099
1517,4417
1518,6456
1519,82989
1520,4846
1521,4663
1522,2836
1523,5817
1524,55983
1525,6082
1526,17043
1527,9277
1528,38099
1529,6172
1530,3754
1531,50868
1532,7522
1533,39321
1534,14506
1535,5178
1536,41314
1537,11247
1538,14028
1539,2051
1540,6024
1541,9090
1542,60232
1543,6488
1544,42457
1545,27864
1546,54684
1547,24234
1548,11205
1549,4613
1550,43697
1551,5632
1552,10243
1553,52175
1554,10638
1555,4612
1556,4827
1557,10117
1558,33979
1559,12302
1560,92633
1561,8117
1562,7409
1563,62255
1564,69244
1565,6776
1566,7212
1567,6159
1568,7496
1569,60589
1570,3090
1571,7774
1572,6319
1573,3393
1574,21948
1575,53937
1576,11888
1577,8192
1578,55377
1579,5293
1580,6444
1581,51595
1582,2410
1583,74844
1584,3393
1585,4796
1586,11520
1587,3862
1588,6082
1589,45257
1590,84222
1591,51345
1592,5530
1593,8233
1594,1924
1595,4203
1596,5942
1597,4961
1598,22152
1599,5390
1600,51875
1601,14868
1602,11520
1603,5760
1604,13874
1605,6489
1606,60232
1607,3471
1608,5692
1609,7127
1610,60260
1611,3999
1612,19113
1613,6466
1614,4496
1615,51595
1616,37929
1617,50271
1618,4649
1619,5330
1620,54608
1621,66155
1622,4416
1623,4249
1624,2994
1625,4028
1626,7212
1627,74365
1628,14255
1629,39377
1630,74981
1631,7384
1632,5206
1633,4414
1634,4096
1635,6461
1636,7425
1637,11069
1638,10883
1639,4663
1640,5888
1641,84879
1642,14133
1643,5040
1644,7571
1645,60508
1646,6450
1647,62188
1648,44144
1649,6169
1650,17043
1651,51457
1652,11383
1653,57081
1654,2336
1655,5314
1656,5163
1657,5606
1658,55983
1659,3496
1660,6200
1661,51457
1662,3393
1663,5339
1664,55502
1665,5102
1666,1755
1667,11205
1668,6563
1669,4122
1670,50271
1671,56476
1672,5177
1673,3571
1674,10604
1675,32923
1676,60508
1677,1755
1678,56476
1679,3389
1680,51875
1681,12118
1682,54841
1683,3987
1684,8723
1685,1890
1686,3182
1687,3067
1688,5276
1689,1714
1690,1549
1691,6489
1692,5519
1693,4952
1694,55502
1695,2410
1696,3496
1697,6042
1698,7008
1699,54841
1700,7212
1701,6913
1702,5817
1703,5289
1704,2723
1705,14620
1706,7393
1707,5227
1708,4500
1709,8386
1710,5703
1711,8776
1712,5942
1713,4452
1714,5206
1715,44144
1716,4672
1717,4099
1718,10721
1719,2704
1720,54608
1721,22140
1722,7539
1723,5955
1724,8111
1725,66928
1726,51817
1727,6161
1728,45672
1729,8070
1730,4498
1731,57453
1732,6068
1733,21798
1734,5256
1735,5760
1736,41281
1737,57017
1738,11139
1739,2949
1740,3610
1741,5955
1742,1603
1743,1830
1744,4205
1745,3623
1746,2339
1747,13043
1748,4173
1749,50297
1750,6319
1751,64139
1752,10680
1753,4496
1754,69244
1755,6131
1756,41281
1757,50361
1758,7487
1759,62591
1760,25778
1761,56702
1762,7135
1763,5103
1764,2124
1765,5177
1766,1105
1767,4028
1768,6120
1769,9141
1770,6461
1771,7753
1772,13728
1773,53071
1774,3072
1775,64729
1776,6663
1777,4896
1778,7489
1779,1105
1780,59033
1781,12033
1782,3916
1783,74141
1784,3916
1785,41314
1786,6450
1787,8589
1788,6634
1789,6583
1790,2339
1791,4294
1792,16149
1793,3491
1794,10672
1795,9879
1796,6015
1797,6024
1798,72125
1799,1924
1800,7110
1801,3402
1802,5293
1803,1830
1804,61404
1805,16349
1806,3000
1807,6714
1808,5102
1809,5960
1810,71801
1811,10233
1812,4755
1813,85473
1814,5579
1815,7352
1816,4809
1817,53209
1818,17829
1819,1714
1820,6650
1821,8568
1822,48851
1823,24056
1824,5939
1825,18030
1826,5206
1827,13927
1828,54608
1829,11129
1830,8233
1831,22140
1832,52586
1833,4111
1834,11987
1835,27864
1836,3344
1837,6450
1838,5099
1839,12166
1840,69171
1841,4452
1842,51457
1843,55502
1844,17510
1845,22608
1846,5888
1847,5322
1848,5955
1849,10850
1850,5576
1851,10712
1852,6200
1853,4548
1854,11129
1855,5760
1856,4755
1857,54841
1858,10058
1859,9480
1860,15508
1861,4452
1862,53152
1863,3916
1864,2359
1865,62045
1866,15794
1867,5293
1868,4876
1869,5014
1870,5937
1871,2862
1872,71376
1873,6489
1874,11803
1875,3671
1876,7004
1877,8282
1878,32420
1879,4827
1880,2271
1881,12990
1882,8433
1883,10058
1884,5949
1885,2480
1886,2477
1887,57666
1888,10469
1889,4294
1890,52064
1891,5070
1892,4452
1893,5939
1894,6082
1895,6067
1896,54684
1897,7774
1898,1977
1899,4363
1900,7877
1901,3843
1902,5060
1903,4144
1904,4262
1905,12474
1906,56588
1907,1822
1908,6395
1909,5888
1910,3336
1911,8988
1912,10127
1913,4399
1914,14524
1915,5955
1916,6500
1917,41314
1918,7488
1919,5040
1920,7046
1921,6067
1922,76612
1923,2203
1924,61874
1925,4691
1926,3393
1927,56476
1928,7697
1929,5495
1930,2201
1931,7106
1932,6009
1933,9105
1934,21013
1935,3379
1936,51457
1937,5942
1938,6593
1939,4594
1940,2476
1941,39623
1942,11205
1943,6819
1944,5632
1945,53152
1946,2516
1947,6620
1948,4173
1949,5102
1950,7877
1951,1694
1952,7352
1953,80342
1954,7646
1955,61873
1956,9201
1957,4971
1958,62549
1959,3594
1960,6123
1961,51707
1962,7877
1963,37985
1964,54841
1965,3498
1966,32859
1967,19404
1968,3096
1969,14283
1970,5915
1971,2051
1972,2464
1973,39499
1974,3986
1975,13524
1976,2857
1977,5670
1978,57939
1979,4784
1980,11452
1981,4896
1982,62448
1983,29776
1984,4099
1985,67645
1986,55983
1987,10733
1988,37888
1989,53499
1990,40593
1991,5177
1992,5255
1993,5720
1994,3288
1995,2050
1996,1776
1997,7424
1998,5100
1999,1543
2000,5606
2001,62591
2002,4173
2003,4477
2004,66928
2005,2339
2006,6577
2007,45600
2008,28872
2009,62748
2010,10744
2011,5930
2012,4792
2013,4755
2014,6024
2015,11919
2016,10248
2017,12276
2018,12249
2019,10425
2020,3334
2021,5955
2022,4792
2023,4846
2024,8883
2025,7412
2026,4496
2027,2409
2028,5760
2029,9383
2030,5713
2031,10248
2032,54777
2033,2395
2034,31982
2035,41101
2036,8842
2037,3860
2038,49613
2039,68415
2040,54896
2041,66077
2042,1977
2043,4041
2044,6318
2045,49613
2046,66290
2047,39499
2048,4230
2049,5040
2050,5465
2051,2250
2052,36712
2053,51875
2054,7762
2055,44280
2056,45883
2057,59254
2058,5949
2059,3496
2060,4499
2061,54608
2062,6084
2063,4755
2064,5232
2065,6444
2066,5888
2067,8233
2068,10605
2069,10903
2070,5918
2071,1830
2072,54684
2073,4496
2074,3489
2075,74365
2076,10680
2077,1543
2078,5385
2079,6172
2080,2339
2081,48079
2082,5622
2083,5828
2084,1714
2085,49725
2086,9332
2087,72268
2088,48289
2089,4249
2090,2339
2091,11205
2092,4387
2093,4079
2094,60508
2095,12424
2096,56943
2097,15394
2098,5949
2099,56702
2100,9798
2101,7426
2102,3015
2103,67769
2104,66267
2105,49725
2106,4971
2107,7106
2108,3324
2109,9493
2110,54841
2111,5136
2112,6412
2113,3362
2114,49553
2115,6568
2116,32609
2117,3587
2118,3625
2119,42746
2120,4979
2121,44144
2122,6229
2123,49725
2124,7412
2125,61874
2126,5331
2127,42746
2128,3015
2129,60555
2130,5550
2131,52063
2132,58125
2133,3357
2134,7426
2135,3918
2136,4027
2137,5103
2138,53743
2139,5193
2140,8816
2141,5060
2142,55502
2143,4141
2144,54777
2145,4249
2146,3471
2147,3737
2148,4496
2149,11109
2150,7959
2151,6109
2152,8411
2153,50361
2154,53152
2155,32859
2156,7127
2157,14150
2158,17641
2159,12658
2160,8069
2161,51707
2162,3006
2163,44144
2164,5530
2165,9723
2166,3775
2167,37929
2168,58315
2169,7900
2170,6339
2171,51595
2172,3998
2173,5558
2174,3100
2175,5894
2176,38043
2177,50271
2178,56588
2179,6734
2180,61933
2181,3090
2182,42457
2183,41281
2184,4363
2185,8084
2186,9735
2187,17118
2188,5309
2189,6314
2190,7584
2191,41314
2192,6296
2193,6450
2194,2203
2195,4672
2196,60978
2197,62448
2198,55983
2199,3153
2200,3685
2201,5485
2202,5875
2203,8803
2204,10243
2205,10268
2206,3862
2207,82317
2208,5795
2209,67769
2210,10668
2211,13524
2212,32230
2213,67769
2214,10058
2215,5232
2216,7572
2217,55983
2218,51817
2219,3090
2220,62625
2221,5293
2222,3000
2223,5656
2224,4294
2225,2966
2226,6324
2227,5103
2228,8842
2229,11913
2230,3334
2231,2111
2232,60365
2233,21463
2234,12045
2235,56588
2236,4979
2237,9840
2238,4294
2239,6776
2240,56590
2241,8396
2242,5236
2243,53152
2244,2150
2245,4547
2246,15000
2247,5465
2248,5953
2249,4452
2250,5037
2251,10593
2252,51372
2253,9735
2254,40447
2255,5986
2256,3542
2257,3153
2258,5820
2259,7437
2260,5943
2261,7412
2262,10680
2263,10248
2264,5960
2265,3716
2266,36700
2267,52586
2268,11129
2269,6172
2270,4637
2271,2051
2272,5772
2273,2124
2274,53743
2275,38626
2276,2271
2277,9879
2278,2228
2279,7508
2280,41064
2281,3916
2282,56991
2283,64969
2284,6538
2285,5441
2286,32230
2287,57393
2288,2228
2289,6603
2290,4809
2291,4731
2292,2201
2293,12474
2294,8988
2295,5761
2296,6848
2297,27864
2298,6568
2299,12222
2300,3014
2301,44144
2302,4452
2303,56702
2304,7487
2305,50868
2306,15508
2307,11007
2308,73481
2309,3845
2310,12896
2311,60396
2312,7626
2313,41281
2314,4881
2315,13524
2316,6015
2317,53164
2318,23484
2319,11448
2320,6009
2321,55087
2322,2124
2323,13241
2324,9971
2325,5953
2326,4250
2327,9828
2328,32859
2329,5954
2330,6172
2331,51875
2332,7584
2333,7190
2334,17136
2335,53164
2336,49553
2337,54115
2338,1755
2339,39499
2340,9073
2341,39499
2342,4896
2343,64139
2344,6510
2345,55982
2346,5857
2347,3831
2348,7551
2349,5817
2350,55377
2351,4145
2352,4896
2353,4357
2354,2336
2355,5042
2356,38099
2357,62748
2358,4612
2359,5761
2360,5178
2361,58315
2362,62045
2363,4361
2364,49553
2365,6461
2366,60555
2367,3568
2368,84222
2369,61423
2370,6067
2371,5037
2372,4173
2373,6133
2374,4515
2375,3674
2376,44144
2377,11448
2378,55377
2379,4827
2380,24056
2381,6164
2382,10058
2383,95684
2384,4263
2385,13818
2386,60508
2387,5772
2388,6169
2389,1890
2390,48079
2391,4637
2392,10680
2393,7426
2394,9775
2395,22152
2396,43910
2397,4501
2398,6932
2399,6235
2400,13258
2401,63218
2402,4499
2403,34460
2404,44405
2405,6133
2406,4161
2407,4496
2408,10901
2409,9201
2410,37846
2411,6840
2412,5882
2413,2850
2414,59929
2415,7798
2416,44405
2417,10744
2418,4672
2419,5322
2420,3999
2421,5954
2422,72730
2423,4496
2424,2327
2425,4284
2426,62045
2427,5102
2428,54684
2429,62617
2430,12007
2431,22152
2432,68303
2433,7572
2434,4262
2435,7425
2436,4249
2437,60508
2438,40593
2439,4363
2440,60260
2441,4111
2442,7652
2443,7978
2444,2336
2445,3000
2446,8526
2447,5949
2448,14933
2449,7366
2450,6489
2451,3862
2452,18858
2453,8539
2454,49553
2455,7047
2456,60978
2457,23944
2458,15002
2459,39499
2460,51707
2461,6488
2462,6067
2463,4073
2464,8112
2465,4498
2466,2564
2467,7596
2468,5330
2469,5355
2470,5549
2471,7489
2472,2050
2473,4251
2474,4390
2475,10478
2476,5939
2477,2835
2478,10010
2479,73302
2480,3471
2481,32923
2482,6024
2483,82751
2484,53209
2485,57920
2486,4784
2487,5178
2488,54841
2489,5409
2490,8235
2491,62617
2492,11205
2493,3219
2494,3834
2495,2857
2496,4637
2497,2792
2498,8463
2499,66063
2500,4071
2501,53209
2502,5174
2503,3096
2504,15092
2505,57666
2506,5177
2507,17604
2508,7490
2509,3423
2510,5107
2511,51384
2512,9879
2513,3845
2514,6048
2515,13121
2516,4368
2517,2056
2518,51817
2519,62045
2520,60508
2521,3014
2522,66063
2523,55983
2524,40593
2525,64285
2526,6024
2527,5523
2528,14150
2529,3090
2530,8112
2531,58315
2532,62617
2533,3402
2534,44280
2535,7539
2536,8130
2537,9510
2538,8192
2539,3397
2540,58125
2541,12210
2542,15340
2543,36700
2544,23424
2545,4417
2546,54684
2547,4792
2548,2111
2549,50969
2550,7437
2551,3543
2552,21013
2553,11188
2554,44144
2555,59929
2556,9303
2557,5606
2558,3956
2559,3096
2560,7487
2561,6578
2562,6432
2563,5177
2564,5857
2565,17619
2566,11310
2567,3357
2568,7424
2569,7081
2570,43910
2571,51817
2572,2124
2573,1755
2574,52063
2575,7462
2576,49725
2577,60568
2578,8321
2579,3346
2580,74880
2581,53937
2582,55377
2583,43376
2584,5465
2585,6153
2586,3820
2587,56702
2588,4009
2589,5012
2590,5102
2591,4477
2592,3393
2593,6062
2594,42457
2595,6620
2596,36712
2597,12990
2598,62045
2599,6963
2600,60160
2601,8508
2602,4071
2603,64831
2604,3379
2605,10744
2606,57920
2607,6437
2608,5178
2609,2552
2610,4020
2611,9175
2612,10604
2613,3734
2614,5949
2615,49725
2616,5953
2617,5584
2618,69244
2619,13043
2620,11583
2621,2339
2622,5225
2623,8426
2624,54896
2625,56588
2626,5797
2627,65529
2628,52175
2629,54841
2630,7212
2631,5622
2632,3971
2633,51117
2634,10616
2635,3153
2636,3862
2637,6275
2638,62045
2639,11783
2640,6133
2641,3862
2642,56588
2643,32230
2644,4056
2645,3963
2646,2464
2647,32923
2648,9703
2649,6444
2650,68784
2651,55983
2652,2250
2653,7487
2654,4007
2655,4672
2656,7900
2657,48851
2658,59021
2659,45995
2660,49725
2661,65517
2662,1998
2663,52392
2664,7814
2665,5232
2666,37900
2667,52175
2668,54684
2669,61873
2670,2622
2671,10247
2672,4496
2673,9719
2674,5399
2675,7494
2676,6512
2677,2410
2678,4701
2679,2300
2680,4200
2681,6128
2682,5219
2683,2968
2684,5943
2685,5102
2686,6390
2687,48851
2688,60260
2689,11675
2690,12054
2691,23838
2692,4048
2693,3568
2694,2056
2695,9201
2696,3996
2697,8092
2698,11129
2699,60978
2700,51345
2701,45257
2702,3090
2703,7425
2704,4500
2705,17548
2706,5941
2707,37985
2708,49725
2709,7032
2710,52063
2711,4896
2712,5178
2713,5495
2714,56588
2715,9294
2716,4111
2717,61933
2718,4099
2719,4755
2720,5007
2721,2410
2722,9840
2723,83087
2724,13524
2725,2201
2726,2723
2727,6489
2728,4452
2729,2250
2730,7813
2731,54481
2732,1543
2733,6172
2734,49613
2735,4165
2736,10901
2737,49613
2738,4294
2739,60396
2740,4436
2741,9735
2742,6461
2743,66779
2744,9953
2745,54608
2746,6339
2747,6082
2748,61032
2749,6082
2750,10648
2751,56588
2752,6821
2753,64285
2754,4403
2755,6076
2756,6262
2757,60365
2758,2271
2759,37846
2760,8069
2761,48851
2762,12468
2763,6502
2764,57992
2765,12150
2766,11057
2767,8903
2768,54777
2769,9105
2770,35936
2771,3014
2772,2723
2773,3393
2774,7293
2775,10849
2776,10478
2777,8885
2778,9893
2779,13525
2780,51707
2781,37929
2782,7584
2783,10018
2784,11139
2785,6461
2786,3625
2787,5954
2788,13407
2789,6324
2790,3090
2791,2271
2792,1830
2793,45672
2794,4653
2795,52063
2796,6841
2797,13372
2798,5390
2799,50271
2800,5282
2801,6082
2802,4071
2803,27864
2804,3062
2805,6172
2806,57920
2807,64113
2808,4649
2809,51875
2810,6067
2811,3844
2812,4559
2813,11139
2814,1776
2815,4020
2816,6578
2817,8170
2818,5441
2819,3275
2820,3571
2821,8011
2822,5102
2823,4020
2824,7174
2825,2477
2826,14022
2827,7046
2828,51457
2829,9756
2830,6156
2831,2050
2832,6109
2833,3819
2834,5219
2835,7384
2836,1996
2837,4524
2838,42521
2839,54608
2840,5441
2841,37929
2842,42521
2843,51817
2844,57920
2845,1830
2846,4977
2847,22140
2848,7280
2849,3191
2850,57939
2851,4755
2852,6324
2853,45995
2854,60978
2855,13122
2856,7774
2857,51595
2858,4347
2859,17604
2860,4165
2861,3844
2862,7487
2863,3587
2864,60396
2865,2836
2866,2051
2867,5206
2868,17043
2869,53152
2870,12033
2871,31528
2872,58876
2873,9277
2874,12288
2875,9625
2876,5949
2877,6158
2878,6450
2879,9093
2880,29764
2881,2410
2882,52063
2883,45257
2884,6809
2885,4071
2886,44144
2887,6147
2888,23944
2889,3096
2890,1654
2891,6354
2892,41101
2893,6271
2894,4548
2895,7950
2896,11567
2897,5177
2898,3999
2899,11310
2900,7271
2901,4500
2902,56702
2903,15729
2904,48851
2905,5415
2906,54777
2907,9318
2908,45672
2909,44280
2910,7950
2911,5953
2912,4559
2913,5177
2914,61023
2915,5177
2916,4691
2917,4363
2918,7488
2919,60978
2920,6743
2921,3918
2922,5250
2923,7646
2924,41314
2925,19505
2926,4173
2927,5104
2928,7411
2929,42412
2930,3987
2931,16435
2932,5289
2933,69065
2934,13944
2935,56588
2936,42521
2937,7774
2938,4793
2939,4748
2940,4499
2941,56476
2942,5681
2943,4263
2944,2250
2945,16782
2946,55502
2947,11520
2948,40843
2949,4111
2950,5102
2951,7971
2952,7412
2953,54608
2954,17510
2955,44144
2956,6711
2957,6308
2958,4792
2959,7186
2960,6294
2961,3862
2962,2738
2963,14074
2964,7959
2965,54777
2966,4663
2967,3587
2968,49207
2969,4732
2970,17794
2971,10738
2972,8111
2973,2056
2974,8064
2975,54115
2976,54684
2977,8148
2978,6466
2979,7488
2980,4390
2981,5606
2982,52063
2983,13798
2984,54608
2985,4448
2986,4416
2987,6488
2988,49553
2989,11175
2990,3946
2991,86144
2992,45883
2993,1543
2994,4249
2995,3000
2996,45033
2997,5955
2998,42521
2999,5949
3000,4908
3001,5103
3002,56879
3003,3374
3004,6099
3005,3467
3006,44682
3007,6235
3008,45156
3009,7053
3010,66063
3011,5943
3012,6849
3013,2477
3014,42457
3015,58282
3016,41314
3017,52175
3018,57081
3019,9735
3020,3646
3021,5950
3022,4257
3023,3467
3024,5942
3025,5232
3026,8534
3027,60601
3028,4452
3029,6450
3030,6129
3031,3999
3032,6067
3033,60978
3034,5765
3035,44280
3036,3979
3037,5790
3038,5014
3039,9241
3040,56588
3041,5549
3042,12894
3043,4316
3044,3912
3045,6720
3046,4338
3047,59805
3048,8148
3049,68317
3050,4706
3051,53164
3052,52237
3053,6593
3054,54684
3055,49725
3056,3911
3057,7412
3058,60508
3059,2203
3060,4314
3061,51819
3062,4144
3063,2410
3064,14218
3065,6489
3066,36700
3067,4496
3068,2228
3069,7572
3070,6956
3071,6165
3072,51457
3073,6407
3074,2339
3075,4809
3076,41064
3077,8555
3078,3625
3079,2228
3080,3379
3081,74480
3082,15309
3083,10744
3084,5539
3085,9840
3086,14074
3087,10638
3088,4500
3089,4363
3090,7496
3091,3911
3092,5954
3093,6082
3094,6161
3095,4111
3096,8938
3097,4691
3098,54684
3099,6617
3100,5943
3101,62729
3102,28510
3103,5415
3104,13526
3105,7352
3106,13866
3107,48079
3108,53743
3109,7212
3110,66201
3111,47586
3112,6122
3113,4324
3114,2203
3115,45230
3116,2966
3117,7798
3118,3543
3119,5954
3120,60508
3121,61404
3122,56590
3123,2050
3124,61583
3125,34472
3126,3916
3127,9861
3128,57081
3129,49553
3130,2201
3131,6120
3132,14008
3133,3916
3134,2339
3135,5441
3136,67004
3137,49613
3138,5103
3139,4979
3140,45672
3141,4501
3142,50271
3143,49042
3144,4637
3145,11981
3146,50361
3147,2723
3148,3729
3149,8534
3150,1788
3151,68303
3152,6489
3153,14492
3154,56588
3155,4086
3156,6171
3157,4007
3158,8264
3159,5102
3160,11383
3161,3574
3162,43376
3163,84756
3164,8589
3165,13947
3166,5949
3167,1890
3168,38099
3169,3465
3170,4081
3171,5037
3172,10321
3173,11696
3174,5949
3175,5949
3176,6633
3177,3797
3178,3379
3179,6612
3180,7958
3181,64173
3182,60396
3183,9201
3184,2271
3185,3372
3186,4294
3187,3999
3188,7106
3189,4656
3190,5892
3191,44546
3192,62045
3193,41064
3194,70095
3195,52715
3196,7004
3197,6125
3198,37985
3199,72339
3200,73771
3201,13874
3202,3982
3203,7411
3204,12747
3205,27792
3206,4909
3207,54684
3208,4416
3209,82317
3210,6728
3211,6292
3212,2480
3213,5846
3214,6489
3215,54608
3216,4272
3217,26472
3218,6067
3219,4417
3220,28872
3221,58125
3222,6885
3223,50361
3224,7004
3225,5006
3226,67130
3227,3607
3228,4111
3229,4672
3230,5632
3231,11335
3232,5765
3233,14620
3234,5529
3235,13122
3236,2410
3237,4263
3238,4755
3239,1776
3240,4556
3241,5156
3242,5322
3243,5040
3244,60978
3245,63277
3246,55982
3247,60508
3248,5042
3249,11069
3250,9201
3251,66779
3252,5810
3253,82553
3254,6082
3255,4453
3256,5943
3257,67197
3258,54608
3259,5102
3260,4796
3261,36712
3262,1830
3263,6186
3264,11803
3265,3090
3266,3014
3267,2723
3268,5576
3269,2327
3270,6488
3271,2621
3272,15014
3273,5943
3274,3621
3275,9864
3276,20684
3277,2074
3278,58315
3279,52063
3280,4663
3281,5949
3282,5232
3283,7652
3284,4500
3285,5954
3286,5805
3287,12408
3288,3819
3289,14628
3290,9051
3291,45805
3292,11898
3293,10426
3294,65529
3295,61873
3296,51817
3297,4792
3298,6956
3299,4391
3300,2844
3301,11323
3302,5152
3303,49725
3304,3149
3305,8081
3306,4086
3307,5542
3308,44280
3309,4499
3310,35520
3311,4494
3312,42777
3313,11664
3314,5276
3315,10672
3316,27864
3317,6633
3318,8988
3319,56476
3320,6577
3321,2350
3322,6339
3323,4099
3324,3860
3325,7338
3326,3389
3327,37658
3328,14154
3329,4038
3330,6620
3331,12185
3332,3105
3333,7348
3334,7338
3335,54684
3336,57081
3337,16140
3338,3826
3339,60365
3340,5208
3341,9560
3342,4348
3343,2132
3344,2694
3345,42521
3346,58315
3347,11205
3348,5060
3349,67004
3350,53164
3351,5280
3352,6461
3353,5888
3354,3381
3355,16210
3356,6067
3357,5954
3358,17295
3359,2480
3360,57920
3361,38099
3362,4500
3363,11129
3364,2343
3365,5606
3366,11556
3367,7425
3368,14250
3369,5441
3370,6275
3371,4071
3372,3864
3373,34460
3374,10478
3375,38043
3376,50957
3377,7423
3378,4501
3379,56588
3380,59033
3381,5943
3382,2410
3383,11162
3384,2343
3385,3090
3386,49992
3387,5772
3388,7335
3389,9735
3390,4893
3391,37985
3392,36700
3393,42457
3394,58394
3395,60508
3396,57920
3397,3860
3398,3013
3399,50271
3400,6544
3401,60978
3402,59537
3403,16023
3404,12499
3405,21297
3406,6840
3407,11129
3408,5289
3409,8043
3410,54841
3411,4086
3412,11205
3413,2339
3414,2201
3415,37985
3416,7572
3417,57992
3418,66928
3419,5322
3420,4977
3421,3727
3422,15309
3423,4491
3424,11739
3425,55377
3426,22140
3427,14628
3428,49725
3429,6324
3430,51457
3431,4390
3432,4209
3433,3393
3434,6082
3435,3831
3436,12780
3437,60978
3438,9945
3439,5685
3440,4672
3441,6158
3442,10491
3443,54896
3444,4926
3445,7312
3446,60396
3447,3940
3448,6009
3449,51707
3450,4417
3451,5543
3452,4652
3453,44280
3454,3986
3455,17257
3456,49613
3457,49063
3458,14364
3459,80544
3460,49553
3461,2464
3462,6467
3463,2410
3464,3324
3465,60508
3466,4439
3467,3015
3468,60396
3469,64831
3470,1776
3471,37985
3472,69244
3473,56273
3474,54608
3475,20684
3476,17643
3477,8539
3478,11007
3479,59254
3480,4028
3481,5399
3482,44405
3483,42521
3484,27976
3485,64890
3486,5536
3487,13023
3488,15394
3489,5441
3490,35554
3491,4367
3492,16560
3493,36712
3494,3000
3495,8112
3496,9887
3497,7241
3498,7572
3499,3843
3500,7211
3501,10545
3502,63218
3503,50969
3504,14889
3505,44546
3506,13161
3507,7089
3508,5323
3509,3450
3510,68303
3511,3096
3512,57920
3513,3855
3514,44144
3515,13161
3516,3100
3517,12150
3518,11310
3519,6841
3520,6122
3521,15132
3522,5760
3523,5635
3524,2098
3525,5568
3526,6600
3527,45805
3528,7193
3529,3090
3530,5102
3531,3956
3532,8719
3533,7908
3534,2477
3535,45257
3536,42457
3537,4500
3538,4436
3539,5892
3540,4556
3541,3015
3542,2438
3543,7425
3544,2201
3545,3754
3546,3090
3547,4469
3548,34472
3549,58315
3550,53164
3551,6489
3552,5102
3553,6307
3554,48079
3555,60508
3556,4111
3557,3288
3558,6885
3559,11007
3560,60978
3561,56476
3562,7135
3563,11153
3564,3279
3565,13524
3566,2738
3567,8579
3568,4019
3569,3280
3570,61899
3571,2339
3572,1890
3573,7594
3574,13044
3575,61404
3576,54896
3577,8306
3578,3862
3579,5805
3580,54777
3581,52063
3582,62045
3583,22152
3584,32923
3585,52063
3586,3349
3587,5568
3588,60232
3589,54608
3590,15017
3591,5496
3592,52175
3593,8696
3594,4069
3595,8842
3596,10680
3597,59524
3598,6840
3599,44280
3600,2339
3601,3862
3602,6985
3603,11664
3604,7425
3605,44144
3606,8803
3607,63277
3608,55377
3609,3754
3610,5502
3611,64285
3612,11422
3613,4041
3614,64285
3615,5103
3616,11469
3617,3631
3618,12150
3619,8069
3620,4165
3621,11497
3622,44144
3623,4944
3624,7423
3625,69561
3626,24056
3627,10744
3628,9663
3629,12013
3630,2464
3631,4209
3632,10901
3633,8134
3634,9799
3635,59805
3636,11069
3637,1776
3638,2966
3639,2834
3640,3860
3641,3393
3642,4979
3643,60365
3644,4417
3645,2336
3646,5322
3647,6568
3648,37985
3649,56702
3650,4230
3651,8111
3652,60978
3653,6296
3654,5730
3655,11786
3656,5865
3657,2857
3658,49725
3659,4202
3660,5918
3661,60260
3662,1924
3663,60396
3664,6489
3665,4896
3666,41314
3667,8338
3668,13225
3669,4236
3670,12474
3671,4701
3672,49725
3673,53152
3674,1998
3675,12468
3676,6722
3677,3457
3678,10003
3679,4715
3680,2835
3681,67004
3682,60978
3683,8177
3684,37888
3685,58394
3686,4922
3687,4111
3688,41281
3689,53645
3690,3979
3691,5549
3692,6437
3693,7584
3694,76860
3695,5943
3696,3334
3697,4797
3698,59033
3699,57017
3700,2300
3701,16065
3702,13367
3703,1526
3704,4792
3705,6133
3706,16359
3707,7489
3708,4502
3709,5939
3710,29170
3711,52175
3712,55377
3713,25623
3714,3100
3715,6271
3716,7362
3717,11111
3718,11205
3719,6207
3720,26472
3721,4056
3722,4111
3723,6109
3724,5918
3725,61933
3726,59805
3727,4359
3728,52715
3729,12183
3730,6841
3731,6489
3732,2361
3733,4363
3734,4755
3735,64139
3736,3999
3737,20793
3738,11428
3739,7193
3740,55982
3741,60508
3742,8111
3743,9168
3744,23838
3745,54684
3746,9277
3747,75093
3748,7411
3749,8930
3750,6489
3751,4663
3752,52522
3753,6037
3754,72237
3755,4896
3756,31436
3757,5660
3758,4678
3759,6819
3760,5939
3761,4593
3762,1543
3763,82817
3764,51697
3765,2480
3766,4453
3767,2613
3768,52586
3769,49177
3770,5092
3771,6195
3772,4541
3773,4971
3774,5942
3775,3393
3776,7489
3777,5006
3778,4448
3779,5177
3780,42521
3781,6314
3782,12747
3783,51345
3784,10636
3785,9887
3786,54684
3787,53440
3788,54684
3789,10643
3790,2278
3791,4272
3792,56702
3793,12054
3794,35490
3795,4789
3796,6295
3797,9201
3798,36980
3799,23424
3800,5126
3801,5817
3802,8988
3803,27864
3804,10217
3805,7572
3806,6133
3807,5772
3808,8718
3809,4909
3810,55983
3811,53152
3812,42457
3813,40447
3814,8988
3815,4208
3816,2780
3817,51697
3818,44144
3819,2336
3820,3282
3821,6840
3822,29094
3823,2409
3824,34460
3825,5949
3826,39499
3827,42457
3828,6488
3829,7646
3830,11205
3831,6017
3832,5805
3833,5441
3834,3471
3835,29630
3836,4190
3837,34472
3838,56590
3839,13526
3840,2105
3841,52175
3842,59805
3843,6075
3844,27864
3845,60160
3846,4170
3847,35554
3848,7412
3849,7224
3850,3467
3851,3999
3852,6122
3853,32230
3854,7527
3855,5950
3856,53164
3857,6319
3858,5960
3859,13398
3860,5772
3861,9201
3862,3096
3863,51707
3864,3381
3865,45883
3866,24122
3867,6968
3868,4229
3869,15065
3870,4500
3871,48795
3872,4427
3873,8660
3874,32923
3875,7212
3876,5949
3877,7053
3878,6461
3879,14343
3880,49553
3881,10090
3882,6082
3883,8534
3884,6258
3885,44546
3886,4027
3887,27976
3888,9879
3889,2476
3890,4029
3891,5294
3892,3855
3893,6461
3894,10018
3895,43165
3896,1543
3897,5282
3898,1830
3899,3685
3900,6892
3901,12813
3902,4896
3903,55377
3904,45805
3905,58125
3906,6807
3907,50271
3908,60365
3909,66063
3910,6122
3911,2359
3912,4130
3913,3710
3914,5322
3915,5040
3916,7317
3917,7813
3918,60508
3919,7584
3920,66928
3921,41281
3922,32859
3923,4068
3924,7224
3925,52287
3926,7594
3927,2250
3928,6258
3929,4368
3930,3788
3931,5103
3932,5057
3933,3860
3934,5102
3935,3684
3936,1890
3937,10478
3938,7212
3939,10742
3940,5660
3941,6711
3942,6578
3943,43910
3944,54608
3945,2738
3946,10604
3947,12193
3948,62188
3949,5395
3950,8111
3951,3407
3952,5182
3953,9664
3954,7084
3955,1543
3956,53164
3957,10680
3958,1105
3959,7412
3960,4977
3961,55983
3962,5603
3963,6578
3964,53645
3965,6444
3966,5159
3967,11584
3968,5888
3969,4086
3970,56588
3971,2723
3972,3357
3973,6568
3974,8903
3975,5177
3976,42457
3977,39847
3978,49725
3979,4683
3980,61423
3981,55377
3982,11205
3983,45435
3984,3862
3985,7360
3986,34460
3987,41269
3988,9881
3989,23838
3990,13386
3991,4496
3992,2477
3993,4387
3994,4445
3995,9798
3996,2098
3997,56588
3998,7412
3999,9967
4000,60978
4001,45995
4002,51817
4003,6450
4004,6276
4005,4502
4006,3093
4007,13303
4008,7190
4009,4689
4010,8869
4011,6714
4012,62045
4013,4593
4014,53209
4015,7950
4016,4969
4017,4827
4018,32923
4019,5309
4020,55377
4021,3496
4022,56702
4023,6082
4024,6153
4025,45672
4026,9105
4027,7838
4028,64139
4029,57405
4030,54896
4031,12401
4032,54777
4033,2339
4034,4729
4035,56590
4036,2350
4037,9201
4038,54841
4039,5840
4040,7834
4041,4068
4042,3625
4043,4302
4044,22609
4045,5120
4046,7484
4047,3834
4048,6353
4049,4566
4050,4527
4051,23424
4052,49992
4053,37985
4054,3282
4055,9840
4056,5937
4057,2901
4058,4785
4059,35520
4060,7958
4061,8111
4062,77120
4063,5622
4064,4173
4065,45693
4066,9746
4067,2464
4068,4658
4069,1776
4070,12990
4071,53835
4072,57453
4073,2410
4074,5888
4075,15574
4076,11675
4077,13525
4078,39859
4079,5185
4080,4230
4081,11247
4082,14264
4083,3090
4084,3999
4085,54608
4086,6877
4087,11205
4088,5892
4089,77196
4090,6133
4091,5939
4092,11164
4093,11004
4094,4909
4095,4502
4096,31462
4097,5568
4098,51707
4099,58282
4100,45883
4101,3860
4102,2767
4103,5525
4104,6432
4105,77120
4106,51817
4107,11508
4108,6186
4109,45257
4110,6349
4111,77120
4112,7084
4113,5955
4114,13258
4115,10802
4116,4359
4117,48213
4118,15794
4119,37526
4120,4772
4121,54115
4122,9000
4123,41314
4124,3876
4125,3860
4126,4569
4127,53499
4128,1105
4129,10217
4130,74365
4131,7433
4132,44144
4133,55983
4134,44806
4135,4663
4136,2050
4137,62045
4138,38099
4139,3393
4140,55983
4141,4250
4142,10260
4143,60396
4144,6765
4145,13168
4146,7950
4147,4478
4148,5292
4149,6158
4150,4249
4151,4453
4152,57405
4153,4111
4154,2056
4155,1788
4156,6489
4157,4792
4158,4496
4159,6172
4160,7425
4161,5441
4162,3357
4163,51707
4164,12917
4165,8112
4166,48851
4167,3001
4168,4783
4169,2098
4170,8554
4171,4912
4172,53209
4173,11129
4174,5949
4175,4658
4176,45672
4177,69885
4178,7412
4179,3845
4180,10058
4181,41064
4182,51817
4183,5949
4184,60260
4185,61023
4186,3999
4187,7741
4188,6117
4189,4099
4190,53645
4191,49992
4192,3275
4193,50823
4194,60260
4195,53499
4196,7366
4197,10659
4198,2336
4199,59537
4200,2723
4201,53164
4202,22152
4203,7488
4204,6502
4205,6578
4206,3798
4207,32859
4208,4284
4209,15059
4210,44652
4211,4028
4212,8069
4213,6489
4214,4209
4215,7257
4216,49613
4217,11854
4218,6840
4219,5418
4220,10744
4221,4827
4222,3466
4223,64113
4224,5037
4225,6487
4226,45693
4227,57920
4228,3090
4229,45883
4230,5103
4231,60568
4232,5330
4233,5333
4234,11488
4235,51875
4236,6287
4237,9904
4238,4748
4239,54684
4240,10061
4241,9904
4242,2201
4243,4417
4244,6122
4245,7054
4246,3393
4247,6822
4248,5805
4249,2080
4250,57017
4251,14074
4252,3362
4253,4079
4254,41064
4255,2836
4256,4111
4257,4414
4258,4844
4259,66928
4260,64700
4261,1830
4262,3674
4263,49553
4264,4488
4265,5605
4266,6133
4267,51595
4268,37985
4269,55983
4270,11205
4271,26472
4272,4020
4273,2410
4274,3734
4275,5102
4276,4741
4277,4915
4278,12499
4279,49725
4280,4971
4281,4971
4282,6163
4283,7927
4284,69874
4285,5954
4286,1443
4287,9349
4288,56476
4289,46097
4290,11541
4291,9356
4292,5859
4293,31436
4294,6307
4295,5772
4296,51707
4297,17746
4298,39499
4299,54777
4300,60396
4301,66077
4302,5037
4303,15856
4304,57453
4305,5660
4306,90644
4307,5660
4308,1966
4309,56702
4310,42457
4311,51384
4312,27792
4313,51457
4314,6024
4315,60260
4316,6067
4317,59929
4318,55377
4319,3458
4320,4033
4321,7767
4322,10069
4323,11783
4324,63725
4325,6568
4326,5385
4327,3048
4328,49553
4329,67004
4330,5530
4331,13515
4332,7922
4333,44144
4334,7487
4335,2836
4336,83087
4337,3621
4338,2339
4339,59189
4340,7336
4341,45883
4342,4501
4343,54841
4344,60978
4345,5145
4346,12920
4347,9612
4348,3393
4349,15918
4350,60396
4351,5823
4352,4294
4353,67769
4354,3536
4355,12464
4356,45185
4357,49553
4358,3720
4359,13014
4360,4041
4361,49725
4362,44622
4363,3843
4364,45883
4365,77196
4366,67809
4367,36700
4368,5817
4369,41269
4370,1105
4371,4603
4372,60978
4373,5102
4374,8112
4375,56702
4376,4099
4377,11928
4378,32859
4379,72144
4380,3498
4381,60260
4382,8093
4383,1551
4384,70431
4385,4418
4386,4637
4387,4498
4388,8112
4389,5519
4390,11625
4391,3012
4392,4755
4393,6195
4394,5949
4395,5234
4396,65872
4397,40593
4398,37985
4399,69168
4400,6287
4401,16212
4402,57565
4403,4452
4404,6067
4405,1654
4406,53152
4407,57920
4408,5656
4409,7366
4410,6502
4411,4541
4412,3568
4413,42212
4414,4028
4415,3862
4416,5960
4417,55983
4418,4793
4419,60713
4420,50271
4421,6294
4422,59106
4423,5949
4424,5219
4425,3357
4426,56588
4427,2228
4428,6271
4429,4144
4430,41113
4431,9201
4432,9879
4433,6966
4434,52063
4435,36700
4436,3457
4437,4620
4438,4387
4439,6970
4440,6076
4441,5949
4442,23313
4443,17548
4444,3754
4445,56702
4446,4500
4447,12875
4448,3318
4449,2900
4450,41101
4451,3855
4452,14218
4453,4357
4454,7958
4455,6407
4456,3014
4457,4009
4458,41113
4459,5954
4460,5888
4461,11928
4462,4556
4463,5660
4464,5441
4465,5007
4466,9141
4467,60508
4468,36712
4469,9105
4470,2409
4471,45257
4472,4229
4473,4792
4474,4363
4475,45672
4476,7927
4477,69244
4478,4784
4479,3397
4480,4368
4481,58125
4482,3855
4483,4881
4484,40224
4485,49896
4486,3090
4487,5942
4488,3000
4489,3357
4490,44280
4491,51457
4492,54896
4493,7425
4494,49613
4495,9580
4496,51697
4497,61874
4498,22140
4499,66063
4500,57992
4501,8394
4502,6822
4503,6711
4504,4284
4505,9241
4506,38043
4507,3389
4508,5166
4509,57081
4510,52287
4511,3336
4512,5018
4513,6432
4514,7127
4515,34472
4516,6489
4517,64173
4518,4637
4519,6578
4520,6461
4521,5040
4522,6296
4523,5771
4524,11129
4525,5772
4526,4496
4527,7576
4528,15414
4529,3067
4530,2098
4531,5924
4532,13168
4533,60978
4534,6695
4535,54608
4536,57992
4537,4399
4538,2857
4539,4979
4540,4170
4541,5943
4542,10604
4543,52063
4544,27864
4545,6195
4546,44144
4547,54608
4548,74365
4549,7487
4550,6332
4551,3621
4552,6133
4553,5603
4554,24234
4555,9175
4556,51595
4557,12474
4558,12544
4559,39499
4560,66928
4561,7241
4562,3654
4563,10233
4564,3988
4565,39321
4566,6082
4567,9904
4568,4099
4569,4863
4570,3999
4571,6819
4572,7237
4573,5352
4574,2343
4575,6765
4576,7677
4577,5949
4578,5667
4579,1933
4580,7982
4581,4612
4582,54841
4583,4390
4584,52287
4585,2051
4586,3397
4587,9000
4588,56588
4589,5704
4590,49725
4591,11469
4592,14264
4593,3014
4594,37256
4595,3194
4596,6169
4597,8112
4598,4149
4599,2410
4600,6633
4601,45883
4602,12197
4603,55983
4604,20291
4605,32230
4606,8111
4607,4964
4608,14314
4609,3971
4610,6578
4611,46097
4612,62617
4613,4389
4614,1714
4615,56588
4616,2228
4617,3280
4618,4020
4619,45230
4620,2339
4621,11004
4622,2836
4623,2278
4624,10091
4625,6444
4626,7584
4627,36700
4628,3090
4629,4933
4630,9420
4631,5093
4632,9523
4633,58750
4634,56588
4635,7487
4636,53164
4637,13619
4638,12499
4639,31622
4640,2835
4641,5441
4642,8111
4643,50271
4644,12990
4645,3014
4646,9887
4647,52287
4648,2339
4649,58562
4650,41281
4651,11448
4652,3988
4653,12978
4654,32230
4655,11940
4656,73297
4657,54684
4658,10499
4659,4086
4660,55502
4661,6510
4662,72447
4663,17538
4664,52175
4665,51707
4666,4896
4667,4758
4668,17043
4669,4165
4670,8526
4671,54684
4672,9141
4673,56588
4674,6444
4675,54777
4676,3980
4677,55983
4678,42521
4679,49992
4680,6296
4681,5380
4682,22152
4683,15971
4684,57017
4685,51875
4686,6502
4687,44144
4688,4545
4689,60396
4690,8558
4691,13725
4692,6489
4693,62188
4694,6672
4695,53440
4696,6437
4697,51595
4698,20760
4699,36700
4700,52287
4701,4967
4702,6292
4703,4251
4704,7877
4705,10672
4706,4357
4707,5102
4708,2074
4709,56590
4710,2477
4711,4390
4712,6568
4713,14150
4714,6133
4715,38099
4716,6262
4717,6723
4718,37233
4719,31436
4720,52392
4721,39499
4722,17828
4723,27792
4724,27976
4725,5772
4726,5851
4727,6461
4728,45883
4729,4363
4730,51817
4731,9371
4732,69244
4733,52063
4734,6123
4735,54608
4736,5380
4737,5549
4738,36980
4739,4173
4740,6534
4741,45805
4742,2728
4743,2203
4744,7332
4745,12812
4746,4755
4747,51697
4748,54115
4749,31528
4750,13407
4751,52287
4752,13044
4753,8043
4754,74365
4755,10848
4756,4729
4757,10050
4758,4874
4759,2203
4760,62031
4761,5915
4762,44405
4763,4452
4764,4687
4765,10680
4766,61423
4767,59929
4768,62448
4769,8660
4770,5939
4771,4499
4772,3100
4773,12660
4774,41269
4775,4357
4776,6466
4777,51697
4778,69244
4779,41269
4780,3916
4781,49553
4782,6132
4783,51595
4784,40843
4785,34472
4786,5159
4787,4672
4788,51457
4789,6073
4790,41325
4791,54481
4792,10969
4793,41269
4794,5579
4795,67004
4796,20606
4797,44280
4798,7352
4799,5177
4800,3098
4801,3000
4802,4071
4803,6009
4804,5385
4805,45883
4806,6444
4807,5269
4808,2201
4809,4031
4810,5641
4811,5177
4812,42521
4813,6169
4814,2738
4815,19201
4816,5955
4817,3001
4818,3491
4819,5156
4820,2723
4821,32634
4822,60978
4823,4896
4824,8776
4825,4452
4826,50271
4827,8112
4828,4453
4829,6128
4830,5667
4831,6461
4832,5790
4833,37929
4834,6122
4835,5941
4836,23484
4837,54481
4838,5276
4839,6450
4840,68841
4841,54429
4842,5690
4843,51595
4844,14150
4845,60508
4846,3177
4847,8300
4848,2712
4849,42521
4850,3090
4851,2960
4852,6293
4853,6489
4854,16213
4855,3568
4856,3916
4857,6577
4858,5276
4859,4250
4860,54684
4861,7344
4862,4660
4863,15000
4864,52586
4865,3998
4866,5502
4867,1694
4868,4783
4869,4979
4870,7813
4871,58032
4872,6488
4873,9242
4874,44280
4875,53835
4876,4807
4877,6395
4878,2410
4879,42521
4880,4934
4881,12768
4882,56588
4883,9879
4884,69561
4885,60396
4886,3450
4887,2056
4888,7487
4889,4729
4890,1776
4891,56476
4892,6268
4893,21483
4894,9371
4895,5102
4896,6568
4897,6779
4898,3379
4899,42457
4900,5136
4901,5817
4902,9277
4903,6195
4904,32923
4905,4896
4906,67004
4907,4081
4908,67473
4909,2201
4910,4447
4911,4732
4912,6195
4913,7877
4914,5955
4915,62617
4916,2637
4917,47657
4918,49553
4919,10301
4920,2748
4921,74365
4922,7774
4923,64449
4924,5953
4925,5632
4926,29765
4927,9840
4928,5603
4929,5177
4930,52063
4931,50271
4932,3940
4933,4500
4934,13410
4935,7496
4936,4593
4937,7434
4938,5941
4939,45185
4940,3862
4941,4500
4942,6188
4943,6122
4944,38099
4945,53937
4946,4728
4947,32859
4948,5958
4949,4172
4950,4173
4951,37985
4952,3819
4953,32170
4954,2276
4955,5280
4956,5206
4957,4020
4958,4506
4959,9052
4960,4363
4961,6863
4962,15563
4963,5037
4964,11675
4965,4099
4966,56476
4967,68721
4968,3980
4969,2900
4970,12054
4971,4348
4972,3916
4973,19113
4974,7959
4975,6845
4976,41974
4977,14128
4978,5442
4979,4559
4980,45805
4981,6883
4982,3862
4983,13613
4984,4204
4985,6496
4986,7529
4987,4007
4988,6358
4989,49553
4990,27864
4991,17604
4992,54684
4993,7814
4994,18193
4995,5632
4996,60978
4997,4499
4998,50271
4999,50868
5000,66063
